cycle,first(COVID_Maths).S,first(COVID_Maths).E,first(COVID_Maths).I,first(COVID_Maths).H,first(COVID_Maths).M,first(COVID_Maths).D,first(COVID_Maths).R
0,150.0,0.0,2.0,0.0,0.0,0.0,0.0
1,70.96261294702617,74.77555737500134,3.151497160832745,0.3854752191123765,1.5518570741811368,0.01010969257042085,0.1765579361862835
2,12.190158535446264,123.18503837749923,6.945115250638752,1.0597337475347894,5.2341271022220734,0.05208095801796295,0.7966087373769364
3,0.7907576448815018,122.28866873592527,8.980209322397547,1.823770276430462,11.171031961836002,0.15342651173048374,2.1014553535182747
4,0.12840492469274067,111.48617666480179,9.106259049063675,2.290111348744173,17.685509152434665,0.32420726667577865,3.9607797895766192
5,0.10830690653346381,101.12940413931682,8.55455583469515,2.4960642605075005,23.77552914932217,0.5584879139560492,6.101230195953188
6,0.11773463509635484,91.74339293648876,7.848341694876547,2.5679180109564324,29.136627588262307,0.8469402008428388,8.346587872431211
7,0.13035819115628128,83.2587235931261,7.147304779585139,2.5805056959735224,33.732853001636485,1.1809296698766512,10.613551387872425
8,0.14451902132875016,75.58979546415563,6.494799993729106,2.566879923350374,37.61203788680108,1.5529673031466225,12.865780757244
9,0.1599917881299897,68.65795661199635,5.8993500143725806,2.5402846161916517,40.84319197644043,1.9565407871579674,15.086650728538308
10,0.1767574389974946,62.3919756515399,5.3594166135821455,2.50602925689731,43.49658346798406,2.385941659302299,17.267393722309702
11,0.19485838058303737,56.72745888271496,4.8708282525209645,2.466463701625981,45.637874013740664,2.836145461041196,19.402513687792155
12,0.21435998750023877,51.606223984845435,4.428978850813228,2.4228502200462247,47.32674999172484,3.302725759843933,21.48809130808002
13,0.23533664149582587,46.97571136478176,4.029455393155485,2.376030475047012,48.616941503255305,3.7817862811846856,23.521149546986454
14,0.25786603409408543,42.788444820825156,3.6681957022886693,2.326657867213502,49.55663621305469,4.269903458673362,25.499392771355197
15,0.282026509196032,39.00154163784983,3.341507703022135,2.275279671648137,50.18897717179883,4.764076028106121,27.421076560439115
16,0.30789552995786346,35.576269111807235,3.0460496817033302,2.222368463465565,50.55255067202322,5.261680115826294,29.284925167122275
17,0.33554854723713395,32.47764367763683,2.7788012599720013,2.1683364794643514,50.68183828590368,5.760428984026544,31.090068667471275
18,0.36505799917107506,29.67406876370993,2.537033803126951,2.113544054765268,50.60762823255878,6.258336875384638,32.83599028133152
19,0.3964923462921342,27.13700770876389,2.3182826771005014,2.0583057853506097,50.3573874560992,6.753686521126367,34.52248042404535
20,0.42991511528248855,24.84068836830167,2.1203218867631435,2.00289562215272,49.95559744884481,7.244999941424713,36.14959604561519
21,0.46538395201507865,22.76183633855753,1.9411410792420403,1.9475513128362252,49.42405711132035,7.731012210496757,37.71762448394387
22,0.5029496957845723,20.879434013224298,1.7789247471003022,1.8924783530938687,48.78215579031213,8.210647893057935,39.22705130162863
23,0.542655491133367,19.17450295370913,1.632033436648721,1.8378535260545115,48.04711938241117,8.682999888160953,40.67853168017306
24,0.5845359550922657,17.62990729640647,1.4989867716948033,1.7838280795761425,47.23423212486208,9.147310442444333,42.07286500356071
25,0.6286164174104764,16.23017614123787,1.3784481172334413,1.7305305797213653,46.357036444544654,9.60295411811603,43.410972304232494
26,0.6749122500320547,14.961343066095553,1.269210723376181,1.6780694729050816,45.42751300590957,10.04942252197203,44.69387627805675
27,0.7234282999715196,13.810801093549578,1.1701852050178747,1.6265353853864224,44.456242890056245,10.486310620660696,45.92268360404761
28,0.7741584370398579,12.767171600872162,1.0803882267865073,1.5760031857826693,43.4525536485755,10.913304484461626,47.09856933056246
29,0.8270852247421258,11.82018581358864,0.9989322756302899,1.5265338337294423,42.424650805589096,11.33017031723929,48.2227631130527
30,0.8821797192789332,10.960577657732356,0.9250164150182734,1.4781760355614557,41.37973622790947,11.736744644120693,49.296537109490174
31,0.9394013981081643,10.179986867970056,0.8579179252524308,1.4309677258815068,40.32411464483182,12.132925540980988,50.32119535860459
32,0.9986982161276485,9.470871358876696,0.796984743899334,1.3849373920872714,39.26328947429948,12.518664801135312,51.29806448325763
33,1.060006784377846,8.826427965875547,0.7416286289325428,1.3401052573102394,38.20204899972286,12.89396094484968,52.228485576833485
34,1.1232526633669024,8.240520751651836,0.6913189749109141,1.296484335767292,37.14454384037658,13.258852986505614,53.11380714460711
35,1.1883507607913515,7.707616154053028,0.6455772194754269,1.254081373213951,36.094356566933804,13.613414882584793,53.955378984812
36,1.2552058216319522,7.222724323431454,0.6039717836967401,1.2128976840032601,35.05456423134664,13.957750591161368,54.75454690568199
37,1.3237129973814716,6.781346061813909,0.5661134954098457,1.1729298951800324,34.02779450601044,14.291989680388943,55.5126481852217
38,1.3937584805101588,6.379424833933927,0.5316514496920912,1.1341706070648139,33.016276060161154,14.616283429611373,56.23100768994796
39,1.4652201901678306,6.013303371709925,0.5002692651324909,1.0966089788940507,32.021883740996635,14.930801372277713,56.91093457744591
40,1.5379684955073172,5.679684439834272,0.47168169855704917,1.0602312472730675,31.04617907242059,15.235728234859103,57.55371951536351
41,1.611866963822938,5.37559537134838,0.44563158446650253,1.0250211844588717,30.090446534986917,15.531261230500498,58.16063235651202
42,1.6867731218491555,5.098356018962964,0.42188706865566794,0.9909605028134246,29.155726046030964,15.817607670239221,58.73292021610163
43,1.7625392199728511,4.845549800939786,0.40023910836001153,0.958029211149274,28.24284201863966,16.094982858326617,59.27180590288433
44,1.8390129906923105,4.614997550032084,0.38049921385388735,0.9262059281235231,27.35242934160431,16.363608241536525,59.77848666115348
45,1.9160383943263715,4.40473390068879,0.3624974087411571,0.895468157318684,26.484956589439705,16.62370978536831,60.254133185206726
46,1.9934563466655173,4.212985973819524,0.3460803882638406,0.8657925281765664,25.64074674160259,16.875516552783314,60.69988887206666
47,2.0711054249002765,4.038154140206122,0.33110985683577315,0.8371550065206723,24.819995662899796,17.11925946357847,61.116869282007144
48,2.1488225497094406,3.878794663405228,0.3174610277101996,0.809531078010742,24.02278857247544,17.355170214726297,61.50616177979851
49,2.226443642800884,3.7336040409513895,0.30502126923401557,0.7828959075174595,23.249114706466543,17.58348034401633,61.868825332590276
50,2.3038042604410482,3.601404879043864,0.2936888835452519,0.7572244770833703,22.498880359205035,17.804420421142297,62.2058904430363
0,150.0,0.0,2.0,0.0,0.0,0.0,0.0
1,14.620102467959583,112.45649904163577,16.415074796403914,1.3829607245978133,4.820153017337646,0.0225287512367649,0.4115668779521242
2,0.03677618815568325,85.959393450555,27.942664003961482,4.798868749242307,22.63452514871351,0.20148923785073589,3.236200678730042
3,0.04039365834375648,57.855281740264594,24.08968401746341,6.235742159014469,41.928605209770616,0.6064301167813584,8.342212462767966
4,0.05565354850658523,39.03598582591276,17.81579793978927,6.046032754444684,56.505914871964926,1.1753793831981452,13.881463013836226
5,0.07921140228286312,26.43294094932857,12.504091615782453,5.316012771748899,66.02448951367299,1.841868840457285,18.917664648120784
6,0.11281978064424263,17.98818773081703,8.61247760233881,4.560755558044879,71.56552873953058,2.560188389089098,23.237798408777582
7,0.1588407764409719,12.323999573264658,5.904104839334513,3.935520009077323,74.28370372928538,3.301265603146182,26.909729999959563
8,0.2197808289688414,8.518346475692727,4.057075328086519,3.4540971334022768,75.08990751282536,4.0468048003211585,30.06544644359137
9,0.29790819624287845,5.954461617500099,2.8068778968201644,3.089859229288807,74.63633464054922,4.785291502408791,32.82603916253235
10,0.39489168655060775,4.220140041186314,1.961837920642784,2.811876243043836,73.37145475792907,5.509523915248495,35.28473888575043
11,0.5115308842879366,3.0402767541359506,1.3894313929266224,2.59488474840042,71.59783872223365,6.215083862538524,37.50877348443831
12,0.6476470277931725,2.2315933999309396,0.9998781088539581,2.420442809830532,69.5175947564016,6.899368050839896,39.545441322841256
13,0.8021500412114764,1.672200398029013,0.732950773450941,2.2757114445454354,67.26490693431695,7.560962285115846,41.42786133032042
14,0.9732378303655014,1.28112246378505,0.5484544872479489,2.1519476610668167,64.928458787253,8.199232333949638,43.179392414549845
15,1.158653188702196,1.0045520977280393,0.4196311162561022,2.043259555628044,62.5666052653174,8.81405473221034,44.81677859923589
16,1.3559290429612567,0.8066612914725594,0.32867564504830044,1.9456924863062408,60.217535430102515,9.405639047743243,46.35231036222975
17,1.562579650067074,0.6634974948854675,0.26372234795337063,1.856590487550002,57.90603804350471,9.974410227175635,47.79528308043456
18,1.7762243920060945,0.55895397541234,0.21683601694098872,1.7741610594131316,55.647989104102635,10.52093047959534,49.15297078347379
19,1.9946505575027036,0.48212291445082583,0.182682259155458,1.6971831187280382,53.45332404244057,11.04584722142597,50.43127219516136
20,2.215830060048095,0.42556159713625225,0.15765184345330993,1.624813189998145,51.328007944367606,11.54985825081527,51.6351380820141
21,2.4379057257244177,0.38415695206436495,0.13928582212833784,1.5564578737362156,49.27534583522243,12.033688371741402,52.76885407072159
22,2.6591597228036177,0.35438033778524103,0.12589840766356664,1.4916904467916887,47.29685901011919,12.498073684349771,53.83622863877685
23,2.8779727956977905,0.33379648956354396,0.11632922903874067,1.430196548276646,45.392875816135025,12.943751058521087,54.84071920372237
24,3.0927796355344364,0.32073824841797155,0.10978005618822256,1.3717388927316576,43.562934012122184,13.371451153440459,55.785517928514686
25,3.3020234109020223,0.3140897876337706,0.10570669788067738,1.316134374371271,41.80605822414934,13.78189389669192,56.67361135094963
26,3.5041111714810915,0.3131410484600017,0.10374701099460289,1.263239223927828,40.12095409583472,14.175785696386859,57.50782301397416
27,3.6973713647499715,0.31748879553856085,0.10367257214342952,1.2129393916010942,38.50614644057611,14.553817896201554,58.29084505712434
28,3.880014930196829,0.3269676293714153,0.1053557766624283,1.1651443046605716,36.960079326455094,14.916666138725208,59.02526263059926
29,4.050102277483921,0.3415990866363396,0.10874676437863229,1.1197827614865126,35.48118977666044,15.26499040414372,59.713573608076025
30,4.205519883239336,0.36154967818659417,0.11385616467387152,1.0768000942675353,34.06796247497958,15.599435555660513,60.35820513067795
31,4.343972217804947,0.387090074844758,0.12074055931117911,1.0361559393104456,32.718969757185135,15.920632260138014,60.961527830138586
32,4.462997102522675,0.41854821583634566,0.1294880271164261,0.9978220505009329,31.432898744758234,16.22919816782016,61.525868031296966
33,4.560015030187312,0.45624945917045984,0.14020136231784658,0.9617796184760848,30.20856543346258,16.525739231579077,62.053517741758014
34,4.632424679791516,0.5004377452524059,0.15297675994482696,0.9280155548084733,29.04491375358603,16.810851025630082,62.54674175445905
35,4.677756481690816,0.5511740645752188,0.1678761996451378,0.896517215563699,27.94099612486862,17.085119888265222,63.007780710557746
36,4.69389173184955,0.6082134235524514,0.1848927584704273,0.8672651375106397,26.895931113675687,17.34912366761187,63.43884853997673
37,4.679344323423188,0.6708698779711572,0.20390997773931005,0.8402236243692599,25.908833986300902,17.603431803537923,63.84212242588431
38,4.633584447583975,0.7378908921381386,0.22465937943349842,0.815329527516851,24.9787179577478,17.848604449680955,64.21972351130503
39,4.557360067202389,0.8073749238983889,0.24668401100243256,0.7924803424422551,24.10436845035612,18.08519035197585,64.57368721547773
40,4.452948608764626,0.8767743280083781,0.26931945980970556,0.7715236918760553,23.28419990911182,18.3137232827089,64.9059234621813
41,4.3242591067661165,0.9430217169709617,0.29170521280953904,0.7522511004137715,22.516113767613138,18.534717004396075,65.21816937876989
42,4.1767165544202385,1.0027954197164322,0.3128362824206082,0.7343992122131066,21.79738452274681,18.748659005350078,65.51193979289825
43,4.016902106828614,1.0528994401461296,0.3316564001965933,0.7176607732976144,21.12460468584546,18.956003569267963,65.78848337481398
44,3.8519874609665767,1.0906877766555145,0.34718116434695817,0.701705608795181,20.493714787074254,19.157165031702508,66.04875346182075
45,3.6890657161105413,1.1144335137886041,0.35862696096893737,0.6862089124536925,19.900130131724723,19.352512230316492,66.29340147722058
46,3.534515104660808,1.1235484688413133,0.3655154873141231,0.6708815119562536,19.33895446746815,19.542365087210747,66.5227971423457
47,3.393518963250209,1.1186016847303715,0.3677284111474706,0.6554956352614779,18.805249064122,19.726993953445707,66.73707420288768
48,3.269811830698884,1.1011465084434586,0.36550098287007815,0.6399007643727204,18.294312023146627,19.906621872130096,66.93619489594066
49,3.1656537623884637,1.0734183939908994,0.35936109797176974,0.62402704541663,17.80192197473103,20.081429416482038,67.12002275938991
50,3.081981462263465,1.037988524806454,0.3500338417923417,0.6078771757444865,17.32451211771798,20.251561376496465,67.28839273465967
51,3.0186610562847815,0.9974492741066447,0.33833636655269594,0.5915103265428452,16.85925936348183,20.417134389634572,67.44116968851253
52,2.9747715891122066,0.9541786379620287,0.32508428252921595,0.5750227001810194,16.404092084270374,20.578244643330976,67.57829031907272
53,2.9488687086591803,0.9101984706562598,0.3110222530468519,0.5585288252046388,15.957633310441183,20.7349749613143,67.69978744131485
54,2.9392017559167267,0.8671171330817711,0.29678247612184366,0.5421462889450671,15.519102188108285,20.887400837192345,67.80579874494983
55,2.9438765604485093,0.8261348273587185,0.282868089148532,0.5259850338064264,15.088196054526007,21.035595223273557,67.89656381256299
56,2.960968030865915,0.7880875722067985,0.2696551427921683,0.5101411048328668,14.66497104946797,21.17963207496147,67.9724135834813
57,2.9885919893226123,0.7535094223155866,0.2574061364508266,0.4946940193772889,14.249733270649552,21.319588775943433,68.03375596353607
58,3.024946781004161,0.7226984223799868,0.24628911537841033,0.479706682536818,13.842946900931908,21.45554763232401,68.08106037525734
59,3.0683340434021384,0.6957775142875673,0.23639799490214944,0.4652268366647361,13.445161400969475,21.58759664027705,68.11484307351856
60,3.1171660693718763,0.6727460909872937,0.22777143260859178,0.4512892480248223,13.056956993719972,21.715829718804304,68.13565422365266
61,3.1699652319965232,0.6535208941030999,0.2204088920969155,0.43791808163736645,12.678906084367567,21.840346571083042,68.14406713001367
62,3.2253592963187177,0.637966701103384,0.21428345143830474,0.42512913228732657,12.311547621907119,21.961252304679846,68.1406696090071
63,3.282075202344688,0.6259180944411257,0.20935145421852602,0.4129317416731829,11.955371375145802,22.078656908649993,68.12605727957906
64,3.3389330236577983,0.6171938822322086,0.20555937562634655,0.40133033885841524,11.61080939202526,22.192674657264284,68.10082844460835
65,3.3948412038783933,0.6116057028969542,0.20284837519357465,0.39032560429584184,11.278232347158712,22.30342348688316,68.06558021312124
66,3.4487937643959383,0.6089621669895409,0.20115700704383635,0.37991528992981677,10.957948942841922,22.411024374285407,68.02090553168274
67,3.4998698894873534,0.6090696730412591,0.2004225105464435,0.37009474090170447,10.65020695331195,22.515600730983543,67.96739083121233
68,3.5472360735877153,0.6117308377601224,0.20058104212944786,0.3608571669823112,10.355194866906075,22.617277817985396,67.90561403962121
69,3.590150819809502,0.6167413303210513,0.20156715119739757,0.3521937099911768,10.073043383821702,22.716182178389627,67.83614275456834
70,3.627971682045225,0.6238858022065865,0.2033127583077633,0.3440933508035635,9.80382627724592,22.812441080561605,67.7595324120623
71,3.66016423086852,0.6329335522621371,0.2057458642901805,0.33654269806723286,9.547560335782398,22.90618196201497,67.67632432588567
72,3.6863122941673856,0.6436345471600391,0.20878920299773088,0.329525701213394,9.304204288270677,22.997531863251808,67.58704351138553
73,3.706128588095466,0.6557164101921471,0.21235904319386747,0.323023332615787,9.073656778286688,23.086616841536745,67.49219624679077
74,3.7194646364643225,0.6688829720931887,0.21636434008049993,0.31701328700167336,8.85575361017072,23.173561356799738,67.39226736717823
75,3.7263187122283794,0.6828149210158828,0.22070642638312155,0.31146974908035163,8.650264630944125,23.25848762548385,67.2877173308009
76,3.726840465042509,0.6971729722633062,0.22527940884492698,0.3063632810961234,8.456890736478474,23.341514943020428,67.1789791435889
77,3.7213309647587924,0.7116037877282911,0.22997139192238253,0.3016608787982391,8.275261583886373,23.422758981448517,67.06645527249347
78,3.7102371213768,0.7257486103316945,0.2346665830583266,0.29732623558342697,8.104934639887388,23.50233107506367,66.95051471768394
79,3.6941398437117634,0.7392542592146403,0.23924824470575923,0.2933202394599321,7.945396181102411,23.580337513280046,66.83149044204559
80,3.6737358465478844,0.7517857961534823,0.243602354933018,0.289601706315864,7.79606477498353,23.65687886538326,66.70967736834442
81,3.6498136496597877,0.7630398772487189,0.24762173452575598,0.2861283274976842,7.656297605969584,23.732049365750623,66.58533114515039
82,3.62322494430421,0.7727576059867042,0.2512103115786349,0.2828577830742515,7.525399779111838,23.80593638970297,66.45866784971213
83,3.5948530339154208,0.7807356541703557,0.2542871425786122,0.2797489485075147,7.402636454952767,23.87862004891914,66.32986474036366
84,3.5655803956859686,0.7868345413216389,0.256789805658175,0.27676310605669135,7.287247378628009,23.950172931121344,66.1990620974603
85,3.5362574997618186,0.7909832519633253,0.25867683238301004,0.27386506652517295,7.178463103222808,24.02066000177438,66.06636610854858
86,3.5076748504321875,0.7931797795157213,0.25992894375043674,0.2710241135358075,7.075522011403678,24.090138676489985,65.93185267099959
87,3.4805398155412317,0.7934876454343874,0.26054898843228547,0.26821470067923986,6.977687140002077,24.158659062676566,65.79557191457107
88,3.45545926200817,0.7920288738252955,0.2605606243547007,0.26541685865620407,6.884261823570635,24.22626435887052,65.65755319646225
89,3.432928412022926,0.7889742363461747,0.26000591467748413,0.2626163003895752,6.7946032904854885,24.2929913912437,65.51781029805105
90,3.4133257686760716,0.7845317760417696,0.25894210639359544,0.2598042419800987,6.70813354750525,24.358871259905456,65.37634655690057
91,3.3969135027874158,0.7789346600426978,0.2574379124848628,0.2569769819220053,6.624347142732623,24.42393006336112,65.23315969671455
92,3.383842384450589,0.7724293175606171,0.25556962481702944,0.2541352972765307,6.542815665237226,24.48818966801498,65.08824616532809
93,3.3741601910008585,0.7652646295790767,0.25341735123950127,0.25128372249047537,6.4631890877262395,24.551668490706984,64.94160484841437
94,3.367822509616006,0.7576826967128624,0.2510616088007039,0.24842977495742816,6.385194260592731,24.61438226546493,64.79324008617613
95,3.3647049438003034,0.7499114658426977,0.24858042977580982,0.24558318321494024,6.308631006664754,24.676344770296694,64.64316397497403
96,3.3646158894995564,0.742159278050116,0.24604706138835883,0.24275516140916936,6.233366342502311,24.737568495261996,64.49139798083318
97,3.3673092322477722,0.7346112303851242,0.2435282735444394,0.239957759877056,6.159327369800026,24.798065238637204,64.3379739246419
98,3.3724965028401295,0.7274271295235871,0.24108323740994184,0.23720330847574092,6.0864933510137895,24.857846623229243,64.18293441929227
99,3.3798581961541196,0.7207407538342361,0.23876290326388303,0.2345039580385145,6.0148874211086545,24.916924529472126,64.02633284826862
100,3.389054095259139,0.7146601229469063,0.23660978783755202,0.2318713167745332,5.944568306630619,24.975311445670073,63.86823297547108
101,3.399732547206318,0.7092684890269246,0.23465807656018736,0.22931617269818488,5.875622336502448,25.033020738578408,63.70870826992808
102,3.411538709027234,0.7046257999768426,0.23293395124469962,0.22684829001478,5.808155945479411,25.090066849482554,63.54784101899283
103,3.4241218264554685,0.7007704316367066,0.23145606521877543,0.22447626632140397,5.742288797385168,25.146465422153323,63.38572129175551
104,3.43714162894,0.6977210359728069,0.2302361026680618,0.22220743794893444,5.6781475945445345,25.20223336966126,63.22244580237727
105,3.450273928084169,0.6954783998489218,0.22927937463172252,0.22004782224214742,5.615860593419489,25.257388887176408,63.05811671199861
106,3.463215497783805,0.6940272509515517,0.22858541901700688,0.218002087599133,5.555552813874545,25.311951417702524,62.89284039848191
107,3.4756882974863985,0.693337982074424,0.22814858514692243,0.2160735443197975,5.4973419092363605,25.365941577324215,62.72672621583762
108,3.4874430789016277,0.6933682916465843,0.22795859417939415,0.2142641514950855,5.441334654290453,25.419381046083053,62.55988525980866
109,3.4982623942951565,0.6940647571934455,0.22800107503512015,0.21257453713539673,5.387624006279595,25.472292430125023,62.39242915261539
110,3.507963003796778,0.6953643698218207,0.22825808126046054,0.2110040303832535,5.336286697551731,25.524699100331905,62.22446885803887
111,3.516397662104045,0.6971960624916772,0.228708597674442,0.20955070592118016,5.287381325620285,25.576625012296997,62.05611353751437
112,3.5234562532944316,0.6994822635658229,0.22932904691957967,0.20821144154152724,5.24094691513958,25.628094512248257,61.88746945835978
113,3.5290662374656865,0.7021405007958685,0.23009380541296726,0.20698199028322012,5.1970019350169165,25.67913213335543,61.71863896629449
114,3.533192375397027,0.7050850705069128,0.23097573597267204,0.205857068571942,5.155543761215088,25.729762386770357,61.54971953563665
115,3.5358357075752025,0.7082287734305281,0.2319467409131061,0.2048304614535045,5.116548580679053,25.780009551713476,61.38080291165092
116,3.5370317813170313,0.7114847037137988,0.2329783350491394,0.20389514533272732,5.079971733505434,25.829897468904356,61.21197436013137
117,3.536848143212139,0.7147680625486817,0.23404223325942317,0.2030434276902052,5.0457484885674075,25.87944934160131,61.04331203918156
118,3.5353811419179477,0.717997954137168,0.23511094251008652,0.202267102135579,5.013795242283494,25.928687548428652,60.874886507102815
119,3.5327521161305286,0.7210991108028336,0.236158344018241,0.20155761597444266,4.98401112142228,25.977633471996825,60.70676037821851
120,3.5291030716548875,0.7240034872508863,0.23716024800080718,0.20090624633385043,4.9562799594672,26.026307347031544,60.538988135342635
121,3.5245919771580883,0.7266516621850648,0.23809490159314892,0.20030427992660088,4.930472603128922,26.074728131310238,60.37161610354877
122,3.5193878278937594,0.7289939891381085,0.2389434302953879,0.19974319084410075,4.906449492305981,26.12291340214826,60.20468258511701
123,3.513665638454061,0.7309914473157769,0.2396901948109006,0.19921481043503653,4.884063444472171,26.170879280497864,60.038218150320084
124,3.50760152822389,0.7326161567610769,0.24032304829631246,0.19871148340120653,4.8631625643867915,26.218640383936595,59.87224607340393
125,3.501368056384437,0.7338515389749651,0.24083348357944234,0.19822620472998548,4.843593193275441,26.266209808966718,59.70678289809799
126,3.495129947674538,0.7346921226842197,0.2412166654034302,0.19775273294900036,4.825202809005304,26.313599142161255,59.541839112607505
127,3.4890403271286634,0.7351430129758046,0.24147134870368744,0.19728567635759087,4.80784279067923,26.36081849882405,59.377419910606335
128,3.4832375537443228,0.7352190588399836,0.24159968976678425,0.19682055025691017,4.791370967466491,26.407876587024795,59.2135260124788
129,3.4778427118989144,0.7349437678770193,0.24160696233906176,0.19635380464559002,4.77565388192826,26.45478079416862,59.05015452007467
130,3.4729577877850244,0.7343480265476209,0.24150119492563896,0.1958828232493195,4.7605687117857665,26.501537292693754,58.88729977855162
131,3.468664528380892,0.7334686894159773,0.24129274836516645,0.1954058960024492,4.746004809974941,26.548151161088246,58.724954220379864
132,3.4650239543004107,0.7323471013859821,0.24099385415999325,0.19492216811443153,4.731864839770553,26.594626516181098,58.56310916910592
133,3.462076476495359,0.7310276134470343,0.24061813402026108,0.1944315695814644,4.718065498587638,26.64096665260049,58.40175558375784
134,3.4598425508408073,0.7295561457308786,0.24018011981189172,0.19393472942537593,4.704537839744848,26.687174185386436,58.24088472856179
135,3.458323794200843,0.7279788427239982,0.2396947908460716,0.1934328790693688,4.69122721517424,26.73325119197697,58.080488756650134
136,3.457504480270799,0.7263408553133477,0.23917714252660288,0.19292774913005292,4.678092873212919,26.779199350132565,57.92056120042369
137,3.457353332626028,0.7246852739236768,0.23864179710494077,0.19242146356999248,4.665107253914054,26.825020068790366,57.76109736497838
138,3.4578255350886655,0.7230522271281571,0.23810266397722515,0.19191643467548833,4.652255029720766,26.870714609321283,57.6020946243635
139,3.4588648848040124,0.7214781513668115,0.23757265383691537,0.1914152617613693,4.639531942024029,26.916284195170338,57.44355262330251
140,3.4604060203854505,0.7199952301528545,0.23706344824816622,0.1909206359131511,4.626943484401053,26.96173010836871,57.285473389334804
141,3.462376665340341,0.7186309955410414,0.23658532393664905,0.19043525250200508,4.614503481629918,27.007053771896953,57.12786136212429
142,3.4646998350814138,0.7174080806555166,0.2361470293495673,0.18996173268252495,4.602232610369392,27.05225681733561,56.97072334796064
143,3.467295963680167,0.7163441095779828,0.2357557098050508,0.1895025546280068,4.590156903145286,27.097341137653284,56.814068408312394
144,3.470084913819185,0.7154517096457095,0.2354168767830012,0.18905999488241682,4.578306272420777,27.14230892534626,56.65790769174453
145,3.472987839984746,0.7147386309257036,0.2351344165292977,0.18863607991272288,4.566713086406832,27.18716269645629,56.50225421866364
146,3.4759288807685564,0.714207958031571,0.23491063306499302,0.18823254772323728,4.555410823171881,27.231905301254375,56.34712262827199
147,3.478836661267478,0.7138584002679094,0.2347463208220857,0.1878508192339515,4.544432824737235,27.27653992259097,56.192528896858065
148,3.4816455910942143,0.7136846470958459,0.23464086238460843,0.18749197901410902,4.533811168322079,27.321070063080175,56.03849003618212
149,3.484296947583841,0.7136777769335857,0.2345923471273887,0.1871567648865074,4.523575667788396,27.365499522413103,55.885023780259324
150,3.4867397375520466,0.7138257082111937,0.23459770685969625,0.18684556586424705,4.5137530146397795,27.409832366185103,55.732148268339756
151,3.48893133456934,0.7141136823156049,0.23465286485875173,0.1865584278387645,4.504366064618962,27.454072887680407,55.57988173133475
152,3.4908378922701093,0.7145247685640135,0.23475289489690063,0.1862950663975515,4.495433272974411,27.498225564086344,55.42824218835904
153,3.492434537785586,0.7150403816469778,0.23489218701949938,0.18605488610637952,4.486968278764484,27.54229500861191,55.27724715944328
154,3.493705352998378,0.7156408021346461,0.23506461692440445,0.18583700554151575,4.478979636077997,27.58628591996426,55.126913399817
155,3.4946431549398382,0.7163056907113243,0.23526371584461825,0.18564028730243382,4.471470687723164,27.630203030592202,54.97725666046652
156,3.495249090222147,0.7170145868783987,0.23548283786617694,0.1854633721773862,4.46443957474002,27.674051055040174,54.8282914789275
157,3.495532061812287,0.7177473830289773,0.23571532165035025,0.18530471657721684,4.4578793730123305,27.71783463967026,54.68003100348042
158,3.4955080095857447,0.7184847651276378,0.23595464359945537,0.18516263230244998,4.451778346303073,27.761558314904473,54.53248685308101
159,3.49519906880436,0.7192086117879012,0.2361945596330915,0.18503532767101588,4.446120303240597,27.805226451016534,54.38566901448651
160,3.494632632806789,0.7199023443686644,0.2364292329449893,0.18492094901475206,4.440885044185322,27.84884321836327,54.23958577714668
161,3.493840347660171,0.7205512218226802,0.23665334540123,0.18481762155703574,4.436048882563048,27.892412552794024,54.09424370553353
162,3.4928570672049317,0.7211425754110162,0.23686219062101177,0.18472348871509528,4.43158522421846,27.9359381268128,53.94964764771051
163,3.4917197967766294,0.721665980006369,0.2370517472452772,0.18463674893048385,4.427465187675749,27.97942332689942,53.80580077811452
164,3.4904666528994053,0.7221133604811467,0.23721873143183253,0.18455568921958784,4.423658247936971,28.02287123722272,53.662704671767
165,3.48913586445086,0.7224790335325443,0.23736062819656611,0.18447871475055902,4.42013288663186,28.06628462980904,53.52035940647019
166,3.487764838278254,0.7227596871458871,0.2374757018224813,0.18440437388947983,4.416857231964797,28.109665961064298,53.378763689000834
167,3.486389309118017,0.7229543016475904,0.2375629861523965,0.18433137831113325,4.413799672973319,28.15301737439405,53.23791500090231
168,3.4850425900808957,0.7230640178647088,0.23762225613821605,0.18425861793164686,4.410929434083521,28.196340708527035,53.09780975921087
169,3.48375493607693,0.7230919592174134,0.2376539825130012,0.1841851705841946,4.40821709776604,28.239637511025357,52.9584434873321
170,3.482553028536829,0.7230430155703967,0.23765927185960545,0.18411030651760948,4.405635065191385,28.282909056365348,52.81981099131334
171,3.481459585802651,0.7229235973274962,0.23763979465541607,0.18403348794457758,4.403157947070762,28.326156367894022,52.68190653692131
172,3.4804930997589687,0.7227413685616811,0.237597704067794,0.1839543639954298,4.400762879259158,28.369380242913273,52.544724023225406
173,3.4796676957807815,0.722504967942181,0.23753554835731638,0.1838727615412154,4.398429760100204,28.41258128011342,52.40825714877874
174,3.4789931099838673,0.7222237258825477,0.23745617972075675,0.1837886724330226,4.396141408821238,28.455759908571437,52.272499566969046
175,3.4784747751438787,0.7219073857327439,0.23736266228343178,0.1837022377622826,4.393883646465676,28.498916417543793,52.13744502764815
176,3.478114004540108,0.7215658360289466,0.2372581817459456,0.18361372977935886,4.391645302814108,28.54205098631896,52.00308750272562
177,3.477908261388437,0.7212088598552038,0.23714595892105467,0.1835235321166404,4.389418154446891,28.58516371344585,51.86942129400341
178,3.4778515004428736,0.7208459063195605,0.23702916908114757,0.18343211895016495,4.387196800506904,28.628254644720045,51.73644112211379
179,3.477934567734378,0.720485888057915,0.23691086869419406,0.18334003370364477,4.384978483814354,28.67132379938597,51.60414219598729
180,3.478145644235038,0.7201370075988972,0.23679393077309205,0.18324786785422956,4.382762865764468,28.71437119409738,51.47252026280342
181,3.4784707194319138,0.7198066143909329,0.23668098971492613,0.18315624034397399,4.380551763913211,28.757396864266976,51.341571638856024
182,3.4788940813115845,0.7195010933373831,0.236574396174763,0.18306577803824792,4.378348861346665,28.80040088252647,51.211293222187415
183,3.479398810036897,0.7192257848268354,0.23647618221221883,0.1829770976053316,4.376159396864141,28.843383374108477,51.08168248820696
184,3.4799672635877914,0.718984935494398,0.23638803667415215,0.1828907891228289,4.37398984471574,28.88634452904774,50.952737469809065
185,3.480581544789002,0.7187816783101165,0.23631129053682345,0.1828074016484787,4.371847592157511,28.929284611181966,50.82445672374064
186,3.4812239404153944,0.7186180400606563,0.23624691172680826,0.1827274309271089,4.369740622455951,28.972203964007555,50.69683928514155
187,3.4818773244123222,0.7184949738645718,0.23619550877121928,0.1826513093430584,4.367677210223324,29.015103013514004,50.56988461229753
188,3.482525518661412,0.7184124140316799,0.23615734249255024,0.18257939816921942,4.36566563512747,29.057982268180172,50.44359252370489
189,3.483153606133708,0.7183693503342293,0.23613234485909812,0.18251198211040445,4.363713919122842,29.100842316367057,50.317963129556226
190,3.483748192677921,0.7183639185926568,0.2361201440256046,0.18244926609030462,4.361829591419562,29.143683821382755,50.19299675972034
191,3.484297615070638,0.7183935043834684,0.23612009454762314,0.18239137418799758,4.360019484465788,29.18650751452785,50.06869389021285
192,3.4847920942884123,0.7184548566441412,0.23613131172456578,0.18233835059182937,4.358289563284991,29.229314186452548,49.9450550700401
193,3.485223834230762,0.7185442079742764,0.2361527090182252,0.18229016240553753,4.3566447896003835,29.27210467717075,49.822080850155196
194,3.485587067311417,0.7186573985090602,0.2361830375039874,0.182246704113737,4.355089021307344,29.31487986508178,49.69977171609371
195,3.4858780494260952,0.7187900003669857,0.23622092633954817,0.18220780349138055,4.353624947034176,29.3576406553479,49.57812802566343
196,3.4860950077834465,0.7189374398457856,0.23626492327956636,0.1821732287245984,4.352254054772133,29.400387967965184,49.45714995285464
197,3.486238045937125,0.7190951147558035,0.2363135343233462,0.1821426964984825,4.35097663286704,29.443122725848703,49.33683743891465
198,3.486309011068771,0.719258504535303,0.2363652616553168,0.18211588080095942,4.349791801055368,29.485845843229804,49.217190151303036
199,3.4863113291334313,0.7194232710835241,0.236418639123646,0.18209242219090124,4.348697568704392,29.528558214634796,49.09820745101318
200,3.486249813883467,0.719585348569562,0.23647226459937531,0.18207193728299068,4.347690916984738,29.571260704682427,48.97988836851885
201,3.4861304560300783,0.7197410208221784,0.23652482866524246,0.18205402821141153,4.346767901368922,29.613954138901146,48.86223158838441
202,3.4859601988833044,0.7198869852700415,0.2365751391977769,0.1820382918489066,4.34592377061399,29.656639295729494,48.74523544236933
203,3.4857467067358816,0.7200204027752192,0.23662214152579378,0.1820243285767006,4.3451530982510365,29.699316899823156,48.628897910666396
204,3.485498132031849,0.7201389330758993,0.23666493397033622,0.18201175042369033,4.344449922567823,29.741987616752713,48.51321663074034
205,3.485222886999951,0.7202407559177645,0.236702778692372,0.18200018841947543,4.343807891130037,29.784652049136575,48.398188913086905
206,3.4849294249504683,0.7203245782977746,0.23673510789211583,0.18198929903447836,4.343220406035845,29.82731073421611,48.283811763107245
207,3.484626035851384,0.7203896285604555,0.23676152551464144,0.18197876961072265,4.342680766330025,29.86996414284421,48.17008190819765
208,3.4843206601370476,0.7204356383672414,0.23678180471768528,0.18196832271791644,4.342182304308238,29.91261267982651,48.0569958290875
209,3.4840207239823533,0.7204628137973891,0.23679588144671498,0.18195771940043648,4.341718512807746,29.955256685525292,47.94454979441741
210,3.4837329985215635,0.7204717970296555,0.23680384453742157,0.18194676131074733,4.3412831609953315,29.9978964386117,47.832739897539945
211,3.4834634847256063,0.7204636201941393,0.23680592282530127,0.1819352917529494,4.340870396613177,30.040532159831503,47.72156209453758
212,3.483217324897265,0.7204396530723175,0.23680246978503153,0.18192319568581702,4.340474833114792,30.083164016634246,47.61101224249307
0,150.0,0.0,2.0,0.0,0.0,0.0,0.0
1,14.721954481110137,112.89761994616993,16.458208592758705,1.3853610907444491,4.827492343635597,0.02254997545871454,0.4119800967185319
2,0.09794598852295439,86.77896951489913,28.113953349570608,4.820171574090661,22.72067840807249,0.2020672078100386,3.246118713420116
3,0.10853236098202679,58.89220102068418,24.361386687808174,6.283188210634475,42.17870416342028,0.6091391089045292,8.382878021368729
4,0.14481918941220887,40.20720508549086,18.155500446530475,6.117777875374881,56.978658719837036,1.182481130495209,13.975683196549058
5,0.2012257439628413,27.684446137707685,12.887300610667854,5.408062706224842,66.75443284750557,1.855976078311825,19.08518950382222
6,0.28088764776358227,19.282586166134518,9.021841590719992,4.669342422081762,72.5695260335862,2.5840628126015313,23.49470576976306
7,0.38798452943718353,13.634689899954308,6.32737198318201,4.057568487644333,75.56628251024726,3.3376945301595544,27.268930973369965
8,0.5263172318979275,9.826390935889506,4.485541166488628,3.5871601267153217,76.64713832936664,4.09852192799517,30.537310785056082
9,0.698315236957351,7.246994124268627,3.234426290773072,3.2319797965567947,76.45858732760924,4.854924795954184,33.41890998195586
10,0.9043145728764986,5.4895976816084024,2.384411257119786,2.961491578382148,75.44545807650158,5.599562539403464,36.005336582910125
11,1.1422288817947894,4.283934138367948,1.8047442005194534,2.7507807986389885,73.90833112635516,6.327860284323281,38.36253503804148
12,1.4076538292080516,3.451076864653844,1.4072250963079076,2.5817395642023295,72.04871750313647,7.037053219936011,40.53683254065596
13,1.6942979850240545,2.8728673254494366,1.1330192664559924,2.4418571309972665,70.00139105538351,7.725572241253969,42.56067958676003
14,1.994554342343528,2.4713448080193254,0.9431105619825296,2.322707875606347,67.85660675043707,8.392644431889044,44.45706090856834
15,2.3000485092216465,2.1950020550412015,0.8116890773592575,2.2186967743287456,65.67505892277727,9.038031436447321,46.24262493918252
16,2.6020798002613925,2.009675203417275,0.7216743700887587,2.126137954084806,63.49783492222112,9.661857205310216,47.92982149265805
17,2.8919525569195415,1.892535582764441,0.6617252716008549,2.042612654760277,61.35299215966409,10.264493911228739,49.52833169674283
18,3.1612459072876953,1.8281169024322554,0.6242557802273314,1.9665334393525702,59.25988422279082,10.84648579320591,51.04601176361535
19,3.4020877209927365,1.8056502678510784,0.6041159723356174,1.8968515112030502,57.23199309357624,11.4084977070321,52.4895089044178
20,3.607490872267585,1.8172267291303583,0.5977035776843519,1.8328592737643643,55.27876570508652,11.95127965003145,53.86465699331309
21,3.771783582055676,1.856487904142542,0.6023512326593444,1.7740542193556135,53.40677773910473,12.475641371596643,55.17672248614809
22,3.891122912732692,1.9176798428258135,0.6158931869189544,1.7200416248611212,51.62043382390537,12.982432987100417,56.43054558170705
23,3.964024732637928,1.995006232283644,0.6363590898061108,1.6704626335454935,49.9223447307361,13.472528708892806,57.63060539375006
24,3.9917865351441626,2.0822853558359724,0.6617744861549926,1.6249415601160044,48.31348652078805,13.946811703279208,58.781029088573014
25,3.978645915682107,2.172941120244577,0.6900673955577603,1.583051702529783,46.79323327243513,14.406158890120793,59.88556189889029
26,3.931537789206212,2.260330701573046,0.7190849860064361,1.5443020117229678,45.35935262821503,14.851425332721128,60.94751577810588
27,3.8594038829261836,2.338334652735083,0.7467122831665485,1.50814683663021,44.008049063055516,15.283428706141558,61.969716675206506
28,3.7721476791158493,2.402044034467914,0.77106066060255,1.474017422945114,42.734121872097305,15.702935042761657,62.9544709311735
29,3.6794559034093806,2.448328975852553,0.7906701896079398,1.4413682152357603,41.531268663339645,16.110647327218523,63.90356753443426
30,3.589755612767935,2.4761064093945104,0.8046623586976798,1.4097261249598991,40.392517219867585,16.507198389840042,64.81832426644623
31,3.5095169727707862,2.486235005512124,0.8127963187402983,1.3787297328901627,39.31072515560474,16.893148936158347,65.69967420653637
32,3.4429814266996894,2.48109680008386,0.8154163863787318,1.3481489887724156,38.2790646854214,17.26899065741465,66.54827866818528
33,3.392263409767407,2.4640127216837113,0.8133141261902255,1.3178827289284982,37.29141632000726,17.635153509769186,67.36464715661151
34,3.357696316065314,2.4386529626280318,0.8075491155437791,1.2879380223767798,36.3426242158544,17.992015698286323,68.14924577256195
35,3.3382824423840627,2.4085580642000433,0.7992732065343163,1.2583992739406227,35.42860267122686,18.339914764624186,68.90258121692986
36,3.3321400764576863,2.3768206063790114,0.789589348249943,1.2293953810833644,34.54631376538365,18.679158393019517,69.6252551514168
37,3.3368878299549025,2.3459226681821246,0.7794578490491606,1.2010710604696035,33.69365298639152,19.010033960121444,70.3179902973858
38,3.3499454801746187,2.317694148730771,0.7696482301037497,1.1735654028668698,32.86928289349919,19.332816299209384,70.9816337716249
39,3.368754506625098,2.293349344776571,0.7607266926760323,1.1469981029552063,32.07244884358633,19.647773520442374,71.61714463499936
40,3.3909318472432544,2.273565016443826,0.7530670462647353,1.1214622197253326,31.30280087141698,19.955170982903546,72.22557219667526
41,3.4143720506348556,2.2585740643786845,0.7468744580146126,1.0970217184355635,30.560235920473144,20.25527365569087,72.80803021821477
42,3.4373105165184152,2.2482595358662416,0.7422143690019641,1.073712104277829,29.844766836526652,20.548347161617777,73.3656705541569
43,3.4583569086407957,2.24224164950026,0.7390419160875081,1.0515428322586269,29.1564193897349,20.83465779998745,73.89965838476816
44,3.4765046648547813,2.2399554846316314,0.7372295117127241,1.0305006159350112,28.49515573658102,21.114471820516755,74.41115020222448
45,3.491120425527285,2.2407194355116187,0.7365917113713539,1.0105531247103032,27.860821495429516,21.388054186249793,74.9012750901907
46,3.5019162183259342,2.2437952603014137,0.7369072550147622,0.9916528084879617,27.25311331594508,21.655667028695643,75.3711194965421
47,3.508907161916799,2.2484403070186474,0.7379384168025932,0.9737407239051692,26.671563950504854,21.91756796713284,75.82171553169941
48,3.5123579420187174,2.2539518749004968,0.7394477539307772,0.9567502856243063,26.11554204909988,22.174008436206503,76.25403273911692
49,3.5127219922554835,2.259703104461788,0.7412121903802927,0.9406108631318111,25.584264030860034,22.42523214014862,76.66897321723096
50,3.5105778354712265,2.2651695447598983,0.7430342357229007,0.9252511195833863,25.07681539748779,22.67147372648382,77.06736989111054
0,150.0,0.0,2.0,0.0,0.0,0.0,0.0
1,143.0190934209656,6.08238009729802,0.8312702907101487,0.19712864640481018,0.9195132040695304,0.00750707604841803,0.12774724017813996
2,138.95220155520974,8.880233537104798,0.683235208947383,0.19379198176907825,1.4435625483438397,0.02208848804311822,0.3034043594643147
3,135.01689579670798,11.315705625495463,0.7762906399472685,0.20740126959735966,1.9397491933607522,0.0411633607995783,0.47961378726371257
4,130.5745679666988,14.02582220810679,0.9467776004561197,0.2462123676840935,2.51454913461416,0.06554044714235033,0.6789986198222312
5,125.43650187066523,17.165759414665455,1.1617593009054914,0.3026675193566718,3.2108727618187416,0.09655667147197484,0.9204502106513762
6,119.52971744801803,20.767395784393745,1.415245255581914,0.37332322572834875,4.0562512398659365,0.13574047366957326,1.2177290067165396
7,112.83854807767177,24.80540299288587,1.7052216780087985,0.4573506392119322,5.073809920115867,0.18480755199878918,1.5827907781924286
8,105.40351858108161,29.203323894588397,2.0280033867896283,0.5545436850600275,6.283461163564453,0.24566006644015545,2.0271664703449215
9,97.32856030622051,33.83128679876051,2.376493453261946,0.6643100996923194,7.700231632000079,0.3203524070314476,2.562013293366107
10,88.78254147195908,38.5093818012106,2.7396868985376197,0.7852047626783183,9.331692922423578,0.41102321110329104,3.1975328909157517
11,79.989544835278,43.02146227450775,3.1030429889128808,0.9147528107468126,11.17537372853649,0.5197975309925443,3.942113694661963
12,71.206887614187,47.139359302780576,3.4497149430675242,1.0494976239342606,13.216845883868555,0.6486670168640608,4.801421831992687
13,62.69448213919658,50.653112247727435,3.762486024054948,1.1852581476390578,15.42908496703906,0.7993612476119571,5.777635808993512
14,54.68281565561693,53.39972451133316,4.026011087879894,1.317552947043038,17.773472134822743,0.9732273342021505,6.868996418529588
15,47.347705130073685,55.28282088761757,4.22880880855873,1.442100911081505,20.20241777034515,1.1711352582062085,8.06978255800659
16,40.797440800509655,56.27871693130028,4.364507667577251,1.5552819272167342,22.66317126947187,1.3934222350946506,9.370727519310785
17,35.0733677640396,56.429170662160026,4.432103952104793,1.6544558351490606,25.102098620133916,1.6398818343291737,10.759788965973446
18,30.160793961946084,55.8250126365136,4.435312505113212,1.7380885790544034,27.468664332760834,1.9097951920212919,12.223115865556355
19,26.005104042957544,54.586362102557445,4.381328454870277,1.8056953325103882,29.718534551815107,2.2019950570857167,13.746038339909981
20,22.528283588893835,52.844292657434096,4.279391604755743,1.8576548720238213,31.815518047937704,2.514950143231757,15.313938070827366
21,19.64274046818808,50.72676043647801,4.139474605439805,1.8949649822906716,33.73235422142137,2.846857335482684,16.912915596351798
22,17.261182393722837,48.349571259172656,3.9712774896552676,1.9189990137993564,35.45055741445517,3.1957316735206915,18.530231065797192
23,15.302664963704604,45.81180802821466,3.78357795003404,1.9313014793519139,36.95961240356837,3.559487354273308,20.154539570164147
24,13.695602080633645,43.19455309391907,3.5838977652430843,1.9334378935830412,38.25581022272626,3.9360061918019285,21.775965569735504
25,12.378689825089033,40.56169902837804,3.378405909633212,1.9268977201397899,39.34095652292637,4.323192467249062,23.386066418945017
26,11.300572522069189,37.961869897289276,3.1719746456575093,1.9130407170644281,40.22111191651266,4.719014747505716,24.977729301091053
27,10.41886072800793,35.43077359561555,2.9683192364439366,1.8930744820947971,40.90545733202447,5.121536155036793,26.545035447290886
28,9.698898567165479,32.9935699228445,2.7701718696648943,1.8680520642620457,41.40532681066692,5.5289349352304535,28.083114678327757
29,9.112512691334702,30.66703387908624,2.5794587413702708,1.8388810226776662,41.73341654706963,5.939517191598928,29.588004266304928
30,8.636862289771347,28.461420812568207,2.397463248272147,1.8063379811648343,41.90315941620846,6.351723498919097,31.056519514645732
31,8.253439626336114,26.382014785112304,2.224967664904801,1.7710849480943387,41.92824471883682,6.764130864791049,32.48613911175133
32,7.947230978093219,24.430380612821512,2.0623714005213984,1.7336852850618143,41.82225977570691,7.175451253764657,33.87490571676136
33,7.706027733463089,22.60535707985276,1.9097870307466778,1.6946182733417117,41.59843055392199,7.5845276481683666,35.22134084749352
34,7.519868871300411,20.90383334406112,1.767116725364338,1.6542918743232813,41.26944086718627,7.990328410501982,36.52437251815881
35,7.380593882526491,19.32134863728581,1.634112138883269,1.613053641212955,40.84731272344235,8.391940537558767,37.783273899025765
36,7.281486230566705,17.852550616155547,1.5104207530920155,1.571199919412426,40.343333467469186,8.788562254706799,38.99761133204984
37,7.216989846690445,16.491542132118724,1.3956213411003182,1.5289835464411692,39.7680181710515,9.179495286020288,40.16720020742366
38,7.182483936533823,15.23214076944488,1.289250819947231,1.4866202773627366,39.13109813664696,9.56413704754284,41.29206741301391
39,7.174104047660812,14.068070690435215,1.1908243572840753,1.4442941478186704,38.44152838225151,9.94197294239108,42.3724192734971
40,7.188599706991037,12.993102266631517,1.0998502355979949,1.4021619608571096,37.70750859601138,10.312568883692057,43.408614081023
41,7.22322092082687,12.001151649929161,1.0158406686911943,1.3603570548365431,36.93651334001248,10.675564131146485,44.40113847820474
42,7.27562745067917,11.086349767994419,0.9383195105868851,1.3189924822449264,36.13532829883641,11.030664496592667,45.3505870868658
43,7.34381607740745,10.243088112727706,0.8668275916928391,1.278163705166971,35.31009016160496,11.377635951127258,46.25764488469752
44,7.426062095690355,9.466047028195266,0.8009262537689686,1.2379508928558944,34.46632834132704,11.716298649391273,47.123071920201774
45,7.52087209045785,8.750210905747,0.7401995266426827,1.1984208902531728,33.609007209925316,12.046521374199047,47.9476900275185
46,7.626945680763291,8.090873683147494,0.6842552889730321,1.1596289129054438,32.742567891819164,12.368216395719452,48.73237126015495
47,7.743144411651532,7.483637259511141,0.6327256769325652,1.121620013030685,31.870968937701765,12.681334733093594,49.47802780897116
48,7.868466360965072,6.924404829048148,0.585266943717083,1.0844303529857542,30.997725412363927,12.98586180205692,50.185603207283876
49,8.002025329691225,6.4093706649198,0.5415589254950282,1.048088315645435,30.12594609112394,13.281813429337776,50.85606465644897
50,8.143033720247605,5.935007519196448,0.50130423274721,1.012615475852726,29.25836858034284,13.569232212949235,51.49039633021188
0,150.0,0.0,2.0,0.0,0.0,0.0,0.0
1,147.90903117769025,6.174734669502277,0.8337468884430328,0.1972918020514581,0.9200322873093275,0.00750884685827056,0.1277811685748358
2,148.58446030814753,9.170085415893476,0.6950837191635588,0.19511453772915544,1.4488480888316082,0.02212357853318373,0.30400271880322255
3,149.17350443445727,11.966972264153368,0.8068418570711694,0.21161876319842254,1.9597744542008058,0.04135295133623677,0.4825344344441543
4,148.9068540025515,15.312851154292916,1.0114550764234245,0.2561703389089983,2.568000224154513,0.06617527990678741,0.6879971688677837
5,147.43275635468936,19.494344817689992,1.2846118262590913,0.3230059495897197,3.3303889210609636,0.09822614759938217,0.9425709204320676
6,144.48192048558528,24.694803993574986,1.6308726146243,0.41113483583172394,4.295144209015296,0.13952922216956706,1.265196362931704
7,139.82229553595855,31.04593570457099,2.0600593508763434,0.5227739622054896,5.513805977131913,0.19256982749632245,1.6754564321998575
8,133.29106256960108,38.601715910083136,2.58003376085895,0.6611641869379944,7.042629621841561,0.2603756275167706,2.1954032935868955
9,124.85454482756549,47.2881882363524,3.192159336683175,0.8291214768973084,8.939458767937262,0.34655279213057083,2.849777323450551
10,114.6719056689277,56.854314819314006,3.8870841116769834,1.0278405205164074,11.257260814360556,0.4552533319794103,3.6650658040206188
11,103.13361933163463,66.85149396014333,4.641568611620901,1.2557998586653283,14.034933738629341,0.5910487261136913,4.667533721734363
12,90.84333070710048,76.66903600535645,5.418151566301325,1.5079901302657088,17.286925323019737,0.7586949391814333,5.880401442021031
13,78.52833338528832,85.63442394298896,6.169186550684741,1.7758576991085422,20.99448059589042,0.9628000941145367,7.320637413748909
14,66.89953141674916,93.15233788657224,6.845081500835327,2.0482364865608833,25.10185977912193,1.2074417853326187,8.996153710507116
15,56.51410802455482,98.82807926137349,7.4042139619551115,2.3131430528311294,29.51977711734259,1.4958093165187945,10.904269419386491
16,47.69514021029841,102.52527974127759,7.8207209156846185,2.5598616352851504,34.135747915386645,1.8299485419226003,13.031979323829727
17,40.52903205301857,104.34429981787349,8.0873663293915,2.780579452086514,38.82837385891212,2.2106580746577813,15.357942093211218
18,34.921485262935995,104.5471345516572,8.21326456405767,2.971084497249906,43.48143706818555,2.6375395244386115,17.855523899626803
19,30.674305164119126,103.46962861330601,8.21845114726327,3.130510280542636,47.994489317021056,3.109164622696144,20.496007663143697
20,27.552431944360222,101.45118374095108,8.127885725365239,3.2604765525083224,52.28855675866412,3.623304290017885,23.25125069414081
21,25.328137347503297,98.7926592763131,7.966687229841612,3.364064563702541,56.30737969943127,4.177169029374411,26.09545180677869
22,23.803188117614074,95.73904673204757,7.757226807942636,3.444940964265573,60.015562746839244,4.767626416771385,29.006038982688228
23,22.81565802261684,92.47827001993815,7.517869375530619,3.5067594416556043,63.39513275522658,5.3913792230532005,31.963886811712186
24,22.23828534263184,89.14807995821243,7.262826808999985,3.552831718109012,66.44165698636091,6.045100885804616,34.95312037313573
25,21.97327219499297,85.84565956488284,7.0026023270170095,3.58599713831072,69.16061579775011,6.725532459796828,37.96072006174237
26,21.946312003767215,82.63705595400619,6.744657717214583,3.6086124640471557,71.56434724503202,7.429548105691047,40.97607080508126
27,22.101141245522367,79.56523237428515,6.494092526064731,3.6226010362994834,73.66963893586788,8.154196459309876,43.990534896763045
28,22.39505781943342,76.65645285542689,6.254238314821834,3.6295227551182556,75.49591631738382,8.896724290112969,46.997082746886434
29,22.79543435729983,73.9251294514523,6.027138414179208,3.630644249325337,77.0639270711189,9.654587564480176,49.98998956757173
30,23.27709109500717,71.37740419741995,5.8139170053334315,3.627000234588332,78.3948139511353,10.425453791492188,52.964593117929226
31,23.820352787793038,69.01375014950467,5.615054481822383,3.619443518221819,79.50948018551635,11.207198498483159,55.917102796780114
32,24.4096263454802,66.83083764235104,5.430588760341443,3.6086841825519778,80.42816948033402,11.997897884289184,58.84444971265415
33,25.032365025633464,64.82286126420416,5.260260394096509,3.595319636144293,81.17020044257671,12.795819101824264,61.744168513544125
34,25.678315601665528,62.98247584438988,5.1036160715134224,3.579857428145853,81.75381041569143,13.599409186717025,64.6143034629981
35,26.338971208429435,61.30145102924536,4.960081762036176,3.562732525189082,82.19607574317448,14.407283335713485,67.45333291957377
36,27.00717327196132,59.771124206688356,4.829013929579147,3.54432043207148,82.51288460240787,15.218213014998598,70.26010779362123
37,27.676821505735923,58.38270936166905,4.709734991269324,3.524947221868737,82.7189453070931,16.031114219765804,73.03380067468893
38,28.34266237462923,57.127503270573335,4.601557504349062,3.504897274051907,82.82781790274748,16.845036093976315,75.77386317303113
39,29.000134677725836,55.997018776294375,4.503800315474229,3.4844193096139575,82.8519604397542,17.659150040071065,78.47998965049341
40,29.6452568152192,54.98306651801672,4.415799000025483,3.4637311544775944,82.80278386860509,18.472739392935658,81.15208598029474
41,30.27454452971966,54.077800500897624,4.336912266015565,3.4430235465349264,82.69071133851826,19.28518969390064,83.79024231495141
42,30.88495092924446,53.27373860377004,4.266525528555061,3.422463217609982,82.52523899665434,20.095979574152228,86.39470909042912
43,31.4738227571146,52.563766048636246,4.204052524857718,3.402195421084409,82.3149963277712,20.90467223918906,88.96587567777131
44,32.03886842296978,51.94112764433962,4.148935598619977,3.382346032395243,82.06780474894435,21.710907534420983,91.50425122933684
45,32.57813442703024,51.399413019545506,4.100645109080728,3.363023318266673,81.79073365644877,22.514394564899664,94.01044736862895
46,33.08998762281014,50.932537900281474,4.058678294708438,3.344319447856761,81.4901534659296,23.314904838225225,96.4851624499774
47,33.57310136128387,50.534723639210156,4.022557830424893,3.32631180245881,81.1717854310434,24.11226589796869,98.92916717374551
48,34.02644400562948,50.20047657822641,3.9918302507064833,3.3090641281939446,80.84074819729398,24.906355414819526,101.34329138903716
49,34.449268645325574,49.92456835933172,3.966064361796172,3.292627566986045,80.50160116645122,25.69709570362275,103.7284119524223
50,34.84110310363499,49.7020179458217,3.9448497296246794,3.2770415941136637,80.15838482679919,26.48444863615335,106.08544154035913
0,150.0,0.0,2.0,0.0,0.0,0.0,0.0
1,143.99709641883595,6.100835828516101,0.8317653885071193,0.1971612688832019,0.919616995744595,0.00750743015698062,0.12775402479188747
2,140.87896513899406,8.937902901240532,0.6855971550745239,0.1940559405422592,1.4446177983328603,0.02209549828447581,0.30352388655681123
3,137.8500177328047,11.444250411333888,0.782343719670021,0.20823929376038366,1.9437332265097114,0.04120114894924472,0.4801956932122285
4,134.24756639645946,14.277113759761658,0.9594759984828634,0.2481769033649131,2.525123375807332,0.06566648927654962,0.6807835311258987
5,129.8542797790605,17.614401446390136,1.1855992975613163,0.3066413274391973,3.2343349455552075,0.09688632618850755,0.9248103442003814
6,124.5645432530317,21.51253000685882,1.4565103324409412,0.3806238095025959,4.102698881336435,0.1364833629784605,1.2270096332456966
7,118.32876624197567,25.969739956240165,1.7720753148008217,0.469810780971553,5.158397930735479,0.1863167546591899,1.6007334265201327
8,111.15760465880403,30.927157918859514,2.1303062884327866,0.5745499382114566,6.427591889176113,0.24849369301669638,2.0593852044809653
9,103.13642014808077,36.26014277707667,2.525209928426346,0.6947673108354097,7.932419332592541,0.3253447341405411,2.616472221688531
10,94.43418525910042,41.775757030417516,2.945820542988315,0.8293959419029222,9.687774145403147,0.41935922729697844,3.284943946681906
11,85.29852996159221,47.223696766381345,3.376192537041189,0.9760832419015221,11.69775164173056,0.5330813388669706,4.0761540371506095
12,76.03322046133876,52.32296498762191,3.796525964813371,1.1311478424735255,13.952603082601891,0.6689723961066927,4.998675939189124
13,66.9606077835617,56.800403702049536,4.185404143422838,1.2898106057505474,16.427067583088803,0.8292532150674335,6.0572083825089855
14,58.37802254778181,60.43142751436697,4.522721970167529,1.4466817153533635,19.080756727869826,1.0157474213972293,7.251813702283407
15,50.52023173458098,63.07122021322676,4.792552418827144,1.5964051117122706,21.860790333899818,1.2297497561615822,8.577678716864586
16,43.53774245909378,64.66797948492045,4.985162732294204,1.734300822199428,24.706266594642315,1.4719397830997838,10.025467476825622
17,37.494229551076465,65.256774765489,5.0977010323029965,1.856846058968223,27.55365490715263,1.7423520114431355,11.582186545116704
18,32.3795305563086,64.93920783028766,5.1335598290343425,1.961899589931966,30.34203396110734,2.0404016322014,13.232365849606733
19,28.130883541327822,63.85715178056646,5.100826581888226,2.0486653723814903,33.01729303320948,2.3649550313297985,14.959314333605418
20,24.655174055341114,62.16797803195777,5.010388212929332,2.1174651852968505,35.534829595578806,2.7144287881073033,16.746243196769996
21,21.847449331201037,60.02562284991072,4.874173087757595,2.1694199998551187,37.860709213981636,3.0869004056006153,18.577130278184054
22,19.603860358535876,57.56868792735275,4.703808791647052,2.206128673060393,39.97155831389007,3.4802171102968553,20.437286819749094
23,17.829270869991955,54.91469091818469,4.509770841610558,2.2293998571039366,41.85359256422141,3.8920936448018253,22.313653679670356
24,16.440757374605734,52.158733427142124,4.300963171769176,2.241058875773262,43.50117700562841,4.320194404795951,24.194888302795782
25,15.368400769682447,49.37484988317119,4.084614037353622,2.242827051119313,44.915231216287374,4.762198666116099,26.071311121362385
26,14.554537222296478,46.61868364558192,3.8663681474637084,2.2362587987718943,46.10168858818744,5.215849812162345,27.934771123026458
27,13.952287349867236,43.93059294683079,3.650479570715138,2.2227188584390243,47.07012616501714,5.678990592561842,29.778474956860116
28,13.5238687333953,41.33866988406921,3.4400401770505025,2.2033841658759714,47.832613355117324,6.149586835905944,31.596808594531314
29,13.238966701780786,38.861421306388415,3.237204721873688,2.1792588448021286,48.402784509112706,6.62574199639205,33.38516823007184
30,13.073290109954478,36.51002384934141,3.0433927912280168,2.151194720235684,48.795116654779626,7.105704653749862,35.13980847241706
31,13.007352740709392,34.290154808699846,2.8594600308286577,2.119912850863006,49.02438334254198,7.587870746107269,36.85771048132975
32,13.025476010689815,32.20344277228591,2.685838029601371,2.086023717322314,49.10525326896422,8.070781973533242,38.536469668328294
33,13.11498847130038,30.2485968364177,2.522645676594606,2.0500450404283606,49.05200433022276,8.553121502709912,40.17420111594489
34,13.265591105298315,28.422273821849174,2.3697761531054726,2.0124169654242903,48.87832761187984,9.03370784374479,41.769460333833045
35,13.468857828120457,26.71973693320064,2.2269639159234993,1.9735147384659613,48.59720016702606,9.511487559335636,43.3211769422832
36,13.717844022156708,25.135351057998847,2.0938356672078355,1.933659170202669,48.22080956458624,9.985527299459728,44.828599087563035
37,14.006780291990337,23.66295154248191,1.9699487321693123,1.893125228299782,47.76051679788539,10.455005524658082,46.29124669726298
38,14.330832918402487,22.29611577456945,1.8548196566095088,1.8521490871271995,47.226847146357684,10.919204180892663,47.70887199755707
39,14.685916280708591,21.028360573124754,1.7479452765549526,1.8109339235047903,46.629501006613225,11.377500512677356,49.081426000725955
40,15.068545683874225,19.853283235890498,1.6488180334237919,1.7696547009096402,45.97737862552939,11.82935914351084,50.409029916753575
41,15.47572158501264,18.76466000960088,1.5569369153601584,1.7284621399048508,45.27861416287489,12.274324509351304,51.69195064564464
42,15.904838238092575,17.756512544740936,1.4718150913527681,1.6874860334606119,44.540615665795926,12.712013698626286,52.930579671144926
43,16.353611356848628,16.823150415070238,1.3929850578532712,1.6468380332906352,43.77010842348177,13.142109728457159,54.1254148075502
44,16.820020621195845,15.959195868537675,1.3200019255610067,1.6066140070176416,42.97317984651526,13.56435526937785,55.27704435523135
45,17.302263797668914,15.159595506660768,1.2524453256901236,1.5668960450926306,42.155324529273486,13.978546818290695,56.386133302778454
46,17.798719971946806,14.419622463230573,1.1899203009368757,1.5277541799813872,41.3214885427197,14.384529310538849,57.453411278832405
47,18.30791995121046,13.734871791071066,1.1320574588390868,1.4892478673104395,40.47611229818311,14.782191155877493,58.479662008432136
48,18.828522324919618,13.101251105920682,1.078512598175649,1.4514272686690302,39.623171542796165,15.17145967910165,59.465714069998874
49,19.359294004742686,12.514968031839842,1.0289659677359153,1.414334367967396,38.76621621147509,15.552296943608045,60.412432782205634
50,19.899094320977905,11.972515606487875,0.9831212775217096,1.3780039471563503,37.908406981976206,15.924695934830924,61.320713076727806
0,150.0,0.0,2.0,0.0,0.0,0.0,0.0
1,141.5766173818304,6.44145181028732,1.568682464014805,0.25918810727027286,1.129340790988336,0.00838913016095198,0.14425784321226476
2,131.18020167094102,12.61904057946139,2.7541984979711738,0.46775854673907086,2.644015311875795,0.03164644546317436,0.4599720988485496
3,114.62091204346564,21.963055563265478,4.947234019924773,0.8594657529303984,5.356166689271825,0.07911457951128444,1.0363805883494113
4,91.10811337014384,34.02241014622924,8.167787709507248,1.503193938240456,10.002143137021964,0.16922386157718391,2.071209779785902
5,64.05427023343445,44.987115329750715,11.857566890122728,2.3867259905276477,17.140494136167085,0.3272366903588157,3.7919349655187
6,40.08496788546985,49.74073392956418,14.708556452279254,3.3419230265401256,26.59703718938782,0.5788760515289163,6.347001810702057
7,23.56795747050504,46.84196592014096,15.58087411984996,4.095761748045953,37.198035301432064,0.9391307851940043,9.67468602738256
8,14.058344022341034,39.255222852046174,14.45783191778479,4.463758822478631,47.3203129282686,1.4049427773169993,13.49364364598988
9,9.042539910317052,30.580732339495924,12.17287466781667,4.455946683018703,55.725586309939665,1.9581632303559806,17.4456469508461
10,6.450068905650712,22.840125468869168,9.59858556438455,4.204000341507547,61.902014778414156,2.574337135053696,21.247365469283782
11,5.103899787795418,16.66358483980372,7.257156714193845,3.8474940545257397,65.908055460911,3.229986535375145,24.74551967032463
12,4.413165926806336,12.004169937883635,5.345957655759067,3.479743897776137,68.08461604335918,3.905946926851594,27.893784669211453
13,4.086174521542829,8.59218309653026,3.8773837721723123,3.1462719987777006,68.84454227642017,4.5879005382527485,30.70743828559389
14,3.973974720654869,6.133582430701398,2.7877477491791756,2.8614520435687836,68.5666796201708,5.265697714996262,33.2272167511229
15,3.9961266923555976,4.3770995397137265,1.9956324977526159,2.6240580541410443,67.55920138114894,5.932399299857712,35.49858784368108
16,4.10635453054346,3.127407637335858,1.4264973452839738,2.426947437591683,66.05720287824188,6.583412463163869,37.56250246630444
17,4.276343038757461,2.239503925386406,1.0201256908361371,2.2619021029832194,64.23340686555106,7.2158140218853095,39.452566055326095
18,4.487794758378123,1.6083809180550352,0.7307766118966019,2.121600870415879,62.211747802674445,7.8278517034618,41.19514862540488
19,4.728346671625161,1.1590442440084363,0.5248554400138999,2.0001736861970056,60.07973492079952,8.4185867930838,42.81054553890833
20,4.989356915399342,0.8383448009360417,0.37815823546850075,1.8931575653399066,57.89840062200069,8.987641544792869,44.31431848195073
21,5.2646358587186075,0.6087615112579128,0.2734372606838995,1.797253994261056,55.7098357111682,9.535021820891094,45.718481315841785
22,5.549676448253348,0.44384359416589175,0.19847483213210093,1.7100596466765485,53.54270981306544,10.060992950669265,47.03244223199261
23,5.84116209705234,0.3249398166666165,0.1446401975270127,1.629832683890892,51.416238576796204,10.565992970804796,48.26371280560847
24,6.136637325169242,0.23888031614081867,0.1058403328170356,1.5553092649629925,49.34300282829071,11.0505720400836,49.41842585713474
25,6.434279094172511,0.17634524055831124,0.07777029570357759,1.4855666655719497,47.33093920096628,11.5153501634562,50.50170733081899
26,6.732733617306023,0.1307210072038897,0.05738300317972528,1.4199240642556836,45.38474113881731,11.960987728017576,51.517940936625635
27,7.030997588948186,0.09729961084532492,0.04251630883534747,1.3578718297558066,43.50684364552939,12.38816501424206,52.47095575156844
28,7.328330572311191,0.07271803755112229,0.03163142030225793,1.299021610659414,41.69811543540613,12.79756800479563,53.3641591887778
29,7.624189788334218,0.05456531445117576,0.02362954786120753,1.24307129242986,39.95834578596262,13.189878620150424,54.20063150771412
30,7.918181290020397,0.0411065207268053,0.01772330558449466,1.1897804481309382,38.28658737170039,13.565768071641408,54.98319334861519
31,8.21002326217413,0.03108845369820633,0.01334637063539909,1.1389531420680346,36.68139797177188,13.925892413442131,55.714454365257374
32,8.499518363072578,0.02360238863495958,0.01008987435269924,1.090425865594914,35.14101104815234,14.27088964741507,56.39684860207369
33,8.786532842541746,0.0179868461440746,0.0076574915568063,1.0440590493499635,33.663456182404936,14.601377925151482,57.03266055325301
34,9.070980755331744,0.01375846883896819,0.0058336333027079,0.9997310678383043,32.2466440772081,14.917954524841745,57.62404464796573
35,9.352812014371196,0.01056270675092157,0.0044608447603175,0.9573339829601889,30.888426448909357,15.221195374270417,58.17304007539383
36,9.63200334253901,0.00813850720708027,0.00342368807237858,0.9167705033523569,29.586638080664176,15.511654957214626,58.681582286361035
37,9.90855141521892,0.00629293928409479,0.00263720816535991,0.8779517961445804,28.339126168671918,15.789866487172336,59.15151210771576
38,10.182467660590927,0.00488289041514789,0.00203864813393618,0.8407958983554692,27.143770596465714,16.0563422654309,59.584583127113724
39,10.453774315655336,0.00380181544762561,0.00158147673782358,0.8052265517431959,25.998497719900662,16.311574164030485,59.98246781191818
40,10.722501434480197,0.00297010825969584,0.00123106683194347,0.7711723380005591,24.90128950380023,16.5560341909893,60.34676269058424
41,10.98868461929576,0.00232808010992649,0.00096155686231393,0.7385660280191386,23.850189326788026,16.79017510719951,60.67899283017069
42,11.252363300909547,0.00183082051967206,0.00075356321754817,0.7073440845670226,22.843305398771808,17.014431073058816,60.9806157771243
43,11.513579437027886,0.00144442256560297,0.0005925067249479,0.677446275588806,21.87881247068581,17.229218309139178,61.25302508164031
44,11.772376528848891,0.00114320058215,0.00046738403058524,0.6488153678282479,20.95495232689994,17.434935759703716,61.4975534927899
45,12.02879888029456,0.00090763224207427,0.00036986240399687,0.6213968792354746,20.070033415088723,17.631965751149274,61.71547588810485
46,12.282891042395791,0.00072283121569215,0.00029361050090861,0.5951388747854885,19.22242987081455,17.82067463982441,61.908011984564325
47,12.534697399077785,0.00057740979458123,0.00023380187458143,0.5699917946869986,18.410580123692323,18.001413445397542,62.07632886594342
48,12.784261860998742,0.00046262910328031,0.00018674539646987,0.5459083070436416,17.632985221043043,18.174518467206244,62.221543352866505
49,13.03162764198926,0.00037176210814635,0.00014960922847574,0.5228431792213233,16.8882069679338,18.34031188193394,62.344724235679195
50,13.276837098637337,0.00029961460138992,0.00012021398891854,0.5007531637389053,16.174865955542074,18.49910232162524,62.44689438572875
